1,1.828211973734363,-0.35332152255009,1.6844725522771016,1.9070302686337932,-0.8262354467570461,-0.4866434776161337,-0.023824891805531,0.5476622708254764,0.001391139243578413,-0.8678888068037962,0.49881569544776627,-0.8754732788647053,0.2630954695643202,0.741749287162234,-0.6048186703081381,-0.6923171035200328,-0.4403925587579924,0.25993335350933716,-0.8047422918987175,-0.09935631723496229,1.8043398096551986,-0.36887864740580983,1.5337764307706194,1.88882701986617,-0.37528174828342714,-0.43006580611969686,-0.1466199582084972,1.086128616484048,-0.2436752590262722,0.28094278650452087
1,-0.3198853919133275,0.588312125320284,-0.18391855134945367,-0.38386950818037374,2.1999030798107273,1.682529360249912,1.2180245506931622,1.1496799858871436,1.9638719112374294,1.5710793453694671,-0.3565363017210253,-0.3894753069898214,-0.22754318592985764,-0.3520933183250062,-0.43629344932210773,0.5328213988927535,0.12046234641513641,0.07517690095589454,0.10738704728379288,-0.017347934731634852,-0.16121474453646592,0.8220899791877259,-0.03158132040373747,-0.24814506559886115,1.6612952263136007,1.8167111649477246,1.278909223404926,1.3903928437444437,2.3877561940435035,1.2875166691015958
1,0.4888434709791318,1.0835416734595174,0.4827760715305066,0.3631877373225345,-0.8781405483640586,-0.07840878501494715,0.1327234015518799,0.12166257776171976,0.1290618214364871,-1.3338705269344604,-0.006750704227885452,-0.25170639291861213,0.018270737236076157,-0.08258949309844746,0.9085777806019837,0.32286147322857506,0.616717897477952,1.316610608464114,1.121132917621914,-0.2996532883260384,0.11810090263813901,0.32259903879945334,0.1410246673683398,-0.007171472991149814,-0.843913439212205,-0.3932021387019004,-0.19167703388827592,-0.041170345515718146,-0.14831011422828957,-1.1669068851078837
1,-0.11273729720753954,0.7719888121888259,0.06712078195719774,-0.21763577344503668,1.1902421992359542,2.366076317712938,1.5554563689074532,0.8074370382835931,0.9388587199172213,1.9860721842700284,-0.6962249953690025,-0.08674624580703282,-0.39817860543136113,-0.46442321611519505,-0.20382189942438222,1.8919768751337387,0.7657933300402132,0.7266864968022446,-0.11278210355336502,1.6243313905884296,-0.2563889650552204,1.0303467882095458,0.04579377756305565,-0.3212099449901204,1.4335489839930724,3.2938001835504647,2.02330963330595,1.6155483719171366,1.1237639358736229,3.275195568179428
0,-0.2971842308496795,-0.8322759212199589,-0.26087651090411595,-0.38330118771974,0.7920660773191412,0.4290443579215929,-0.5408858415004415,-0.4592226661376799,0.5667898746693169,0.7524245300639243,-0.7932273930243166,-0.8504573444675646,-0.7335142994082287,-0.5642231644454215,-0.9805033526643478,-0.36285870952571014,-0.49405971448040636,-0.8599500562663543,-0.45513303589905507,-0.5177124436459456,-0.3660462191311763,-0.843964492986838,-0.33245141288230673,-0.43923782708369336,-0.051181326519598405,0.1483124240560751,-0.3987478497783225,-0.6355505134689011,0.45782428067414704,-0.11714666431357432
0,-1.3119261303947445,-1.5925579035745574,-1.3016608944000534,-1.082619514529423,0.4294413948591877,-0.746429191089616,-0.743094053753764,-0.725697973232613,0.012334340574398953,0.8855621643869708,-0.46111137726021156,-0.4351565784976434,-0.4733571090957916,-0.5415813259475949,0.8542900117863257,-0.6230750003754633,-0.3989827163795865,0.39120767506046744,-0.032940543359670386,-0.3125025279809375,-1.2495112661204824,-1.6298085457801132,-1.2538102717484303,-0.9935473447731517,0.0013754986312916964,-0.8864125855331079,-0.8796602330711091,-0.7962020254623903,-0.7285827749482215,-0.3441517753503187
1,1.272033527674987,0.22328377293596618,1.2400094703571276,1.247778534298781,-0.1393816364505447,0.04277405508930126,0.75515339485274,0.7316693977749759,-0.41809824510455007,-0.8225653568214822,1.614523570338256,1.1459229853564175,1.36802163526391,1.1695261581988436,1.2353035548851765,0.09726623395110658,0.6266562596487695,1.1853362869129835,0.28884513863309835,0.15951806992991913,1.0429460455051642,0.25751878598013467,0.9713189878581603,0.9175559068044769,0.0626917946406651,-0.2705351074668191,0.34709055189971594,0.5232397960523159,-0.9047658390665295,-0.5390439682404011
1,0.5682975347018995,-0.32774628766966024,0.6185842354504983,0.4328069937501543,0.5432060011211334,0.9762606202673396,0.5845558956812024,0.73708137209702,0.6798696217544641,0.3331826177275207,-0.2566490743956647,-0.9628477743677617,-0.33783796433227886,-0.11666216268255555,-0.9511946185798207,0.17879322636326095,-0.1740444525800859,-0.442303233257388,-0.42489002067417075,0.008350544578163555,0.8153555181777087,0.25751878598013467,0.7570494857962706,0.6681517511900819,0.5357032209986845,2.072850095454138,1.2233068746937095,1.0922139010292562,2.2131894883116017,2.178926983172713
1,-0.19502900606326373,0.532511612853891,-0.23824181691745017,-0.26111228868350933,-1.0480764289678413,-0.8337187056022075,-0.7237763957593398,-0.7372950610655646,-0.10074540651074833,-0.9811974317595801,-0.6010256162574675,-0.707612733562153,-0.6400357652465355,-0.43540649105001905,-1.2526083043354679,-0.8073483393892369,-0.5960935661007983,-0.7965818343817964,-0.8156297773796758,-0.9481619720850694,-0.07017853360548365,0.7439936758045431,-0.14169203674109723,-0.1627856151561879,-1.0059636500941194,-0.3175680624481455,-0.30527838427239873,-0.051819593469832094,0.15071618725691252,-0.6913034939357784
1,-0.24043132819055976,0.2302588369942655,-0.19132626938145353,-0.31169280967990237,0.5503162890125052,0.7433623494419872,0.1213084218279021,0.32628674974757754,0.5923240111078978,0.7113501535174527,-0.12538932440854833,-0.710513131753126,-0.21715668213411402,-0.19799692233494284,-0.6557759011596451,-0.2238160991789537,-0.3327269685741371,-0.36240417088120624,-0.40553449093024474,-0.18060886211153085,0.22982716150798083,0.37791725369587437,0.173760285738906,0.04674900290576525,0.9036009970549213,0.7508427121952307,0.4515846210294153,0.5262824383249199,1.3549031851297524,1.0383647179637059
0,-0.6206757760066635,-0.24404551897007157,-0.669124082445425,-0.617449217500796,-0.9776845788432617,-1.0760843858107043,-0.8665263619778766,-0.9130553700005205,0.2056642307522319,-0.24044229611113851,-0.6414132316381187,-1.058560914669865,-0.6657547270264722,-0.5026725355192907,0.0562931155757951,-0.9547670106002559,-0.6222645864839508,-0.6152287901648646,-0.07044188223852706,-0.43834949283627395,-0.6557068902752112,-0.7072959620662683,-0.7020663039390656,-0.6206705684567003,-0.7869768786320731,-1.0500109992113977,-0.8635547251685499,-0.7857049096219065,-0.1871027155020448,-0.5462416912732738
0,-0.3056971662485473,0.004731765775928497,-0.3851615578854417,-0.3628416511369291,-1.1206013654598317,-1.2582373423424025,-1.1052123336128779,-1.153321258592983,0.02692527568216035,-1.1030042035870484,-0.00422647826659463,-0.005172546685922254,-0.13406465176816446,-0.1621656633529452,0.14988123236843245,-0.9428730041730032,-1.0336465246079858,-1.2364318451099046,0.1642439159065751,-0.30418831408659097,-0.4219093485660972,-0.5576113805818347,-0.5065453833075919,-0.4504785777592717,-1.3256843364287063,-1.2225710975550483,-1.2958390198686391,-1.5745099187944827,-0.7463627171986928,-1.165799543102826
1,0.03482024970617222,0.6650378299615733,0.18317503112519112,-0.026111778211502748,0.607198592143478,1.8264339828737068,1.5642371225412826,0.9692808418190069,0.5011306666843915,1.4336926376105785,1.0761422331658252,0.09271589225941065,1.2399214217830714,0.4493837997631123,0.7880123062997251,2.5173894196653337,1.2289210072003038,1.0832340368176603,-0.4285191825011567,0.8760521400972403,0.2898283005306743,0.6235952080888034,0.3523182041238136,0.13860701233275716,1.3853718942714228,2.3544122448693763,2.0132436908668505,0.9720295312613996,-0.09173757070406215,1.6197192706187817
1,-0.41069003616791955,1.0579664385790877,-0.38186923876010864,-0.44297483608627125,1.1262496082136084,0.41389650290856195,0.3010629926461472,0.5105515897600312,0.3406303804990213,0.43940945362356887,0.07330331911590533,-0.07043150598281087,0.030141027288354664,-0.08522737719528158,0.24646683332880537,0.055944333687411814,-0.0716793222206667,0.17889982168765176,-0.507151022085856,-0.07327991911178444,0.16982602248528808,1.26788971100006,0.13507273675550946,0.013553661066947723,2.3094960698412557,0.9650333315020825,0.6241436342711207,0.8670583728565633,0.7794795995690393,1.0605115580648514
0,-1.4867250705848338,-1.081053205965959,-1.365449577453383,-1.1675834233941509,0.10450123822350303,0.923243127721731,-0.034361796166126064,-0.5205583751208464,0.32968717916820073,3.824504624177634,0.43643125383301046,-0.6610250876196522,0.14933852322998462,-0.3274730667545538,3.386831079726591,3.808419600876985,0.8221107156748452,0.950339044630096,0.5888558496639504,6.853594011319033,-1.3523408043766147,-1.6281815394596304,-1.3302925801232988,-1.0471165472114548,-0.5110535465898953,-0.06778493666893855,-0.6173225998844829,-1.0154244012035054,-1.0453890186838948,1.3539571894050326
0,-0.7597203875215074,0.3906853103351435,-0.7473166616720865,-0.7200310606451664,0.9840438503861764,-0.20299989249712755,-0.5380007367350405,-0.6852370223487595,0.11082315255178585,1.0271979455817015,-0.2887428044749323,1.7350663678977722,-0.3902650787298421,-0.3454986080829207,1.1087431122474467,-0.47007228858826944,-0.19988419422421114,-0.6952899196046898,-0.2881915918576939,0.06843963590548648,-0.6536378854813253,1.0547518830167903,-0.6764730023038955,-0.6243589397721245,1.0218538536444264,-0.5508260959366161,-0.4634574797439622,-0.8114152368254101,-0.2242789583893946,0.2527055653755602
1,1.388376978126183,1.2323430400365643,1.2358940714504614,1.1966296928417544,-0.4316144687859196,0.3078615178173445,0.7275567405749915,0.8708344517703955,0.515721601792153,-0.9217104036577937,0.5204519179731152,-1.002909524380574,0.0934492409005067,0.3805789895706874,-1.0554404568577407,-0.39412933675229,0.1724731084424142,0.03303946440861818,-0.10915294172637863,-0.17305048584394306,1.715372603518102,0.7700257769322707,1.3581944776921266,1.3039567112774832,-0.3271046585617769,0.42161202732594516,1.4538648896083217,1.2321754455690381,1.705652954979962,0.4946597934805776
1,0.35263650459724377,0.8068641324803217,0.33873710979718186,0.20832041179987004,-0.3100285458434642,-0.014030401209565209,0.29353663238857935,0.6677565581622643,-0.3451435695657451,-0.25885494766645323,-0.3327364569431416,-0.6807840502956544,-0.3912542695675319,-0.23954359686008114,0.9462128595968877,-0.05797009406655737,0.44445295318378386,0.9454770327207951,0.5041754070342745,-0.6246634678323127,0.033271706088814496,0.026483888471552353,0.007106228579659091,-0.08726182155464572,-0.2920667751278491,-0.34680476419329453,0.05949219649687337,0.5019413001440884,-0.557248785989133,-0.8673708727398873
1,0.08306021696642417,0.11168274800318104,0.10333629233586264,-0.03520490558164097,0.08245934576025059,0.18478519583646716,0.06373176585750817,0.24407628266509807,0.2457893022985752,0.15613789123410715,-0.41711772479200226,1.1495484830951335,-0.2423810484952059,-0.2964779286167522,0.3210708837257833,0.19387013591893332,0.043605678960815304,0.39606968696976835,-0.7164326874420553,0.2483289910740755,0.012581658149954572,0.8432410613540043,0.06662553470796162,-0.09516547437341176,0.47000718956007065,0.307207542236232,0.22629924263052204,0.6373388812749644,-0.29539872739128065,0.5306484086449393
0,-0.5525722928157194,0.28605934946065764,-0.6069815589547618,-0.5574914089039479,-1.1540197185492782,-1.2110896436143435,-0.8149707942135368,-0.8045581704966841,-0.26489342647305947,-0.8537252286843227,-0.767263925993898,0.6419787996748891,-0.832433383177216,-0.5640033407706854,-0.6531114707883244,-1.0821948165485684,-0.7024340413285446,-0.8101954677278396,-0.7345784965769858,-0.8551939439937398,-0.6060507752219481,1.1653883128096334,-0.674985019650688,-0.5844894022196826,-0.8789513226461326,-1.0528075532913683,-0.7558491410701854,-0.613034960651632,-0.3341913286650368,-0.8396873226134551
1,-0.2886712954508117,-0.8671512415114543,-0.19585320817878657,-0.35431684422742465,3.088689066232184,1.3663178868528885,1.483955946460559,1.2135928254998547,0.4135850560378262,2.000235762389502,-0.05182616782236229,-0.5312322685736183,-0.2255648042544779,-0.12479563864779437,0.040306533347871175,0.20336300489843073,0.7565175253474502,0.337725544058155,-0.6136064356774488,1.2483021712759381,0.008443648562182736,-0.5332062857745903,-0.025629389790907134,-0.09376038053896435,2.3576731595629066,0.9891853894654662,1.7515291874502634,1.2778150796580974,0.3980190203771061,3.1312411075219813
0,-0.7058051299953431,-0.2231203267951744,-0.6913472365414233,-0.6887734353103167,1.2684553660410416,-0.05000655686551392,-0.22703661875986267,-0.36258026752974964,-0.03873393230276391,0.3402644067872565,-0.35761811284729283,0.7978752024396786,-0.3516866360599371,-0.4334280779773934,0.49925466480785113,-0.13279623778730187,-0.08095512691342957,0.353932250422492,-0.5918314647155319,0.017042677285889506,-0.6474308710996671,0.5829200500767291,-0.6473085423010271,-0.6303305885685255,1.5955991948749868,0.07458508922048221,0.0724341224900012,0.10944044697817784,-0.15315918938750853,0.3889086319976061
1,1.2862217533397673,-0.5044479104799028,1.211201678010463,1.1994712951449225,0.6427500316003363,0.1071524388946832,0.7137584134361169,0.9723733985744609,0.5631421408923759,-0.09455744148056637,1.10931777437136,0.6601062883684693,1.0035048115751912,1.1020402900548358,0.35337710197804595,-0.24950268582935842,0.050562532480387314,0.6829283896185346,-0.011165572397753747,0.29292341105284336,1.237432496130445,-0.12645470565384725,1.1349970797109923,1.1739855315911083,0.7853481404654161,-0.15994410521342975,0.26368702883289147,0.8031628851318799,-0.01091965138373726,0.034005519376745307
0,0.27602008600743194,-0.6741744692318468,0.31322163657584984,0.055726368119739994,1.3253376691720153,1.4458441256713017,0.31360692640876026,0.9386129873274238,0.6908128230852847,0.26519744275405077,0.09277591938871936,-0.2698338816121923,-0.03465097258033224,-0.010926975134452106,0.654457733937278,0.914211370245503,0.004846066494627288,1.74770899775548,0.3614283751728206,0.4493817997919101,-0.032936447315536375,-1.19539785821116,-0.040509216322982766,-0.20722170767058354,0.27291909524422914,0.21631953463718223,-0.3651947083146575,0.42131127992008355,-0.5022926008513119,-0.3408297493351466
0,-0.5497346476827635,-1.3949310885894173,-0.5304351392907664,-0.5657320555831356,0.7280734862967966,-0.175165708910683,-0.7557634268540032,-0.5179812444913016,0.24943703607551507,0.2708628740018398,-0.738055025584677,-0.7261027720296048,-0.44170300228971554,-0.5516932149854591,-0.08925139345759465,-0.0512692453751475,-0.719329257018934,-0.5999944861823877,0.7352320433523908,0.13155207773984426,-0.6060507752219481,-1.2800021868762745,-0.4726193788144595,-0.5890559571816362,0.4524882478431065,0.026916553766435047,-0.8294263869940792,-0.4980230827472024,0.918486420799998,0.4686372563617314
1,1.2266312055476911,0.6092373174951812,1.161816891130466,1.1937880905385863,-0.14649192434191652,-0.13729607137810537,0.3324228270526799,0.5038510501232148,-0.43633691398925134,-0.7829073380869572,0.6877720388358131,-0.026925533118218457,0.4451065836992571,0.6157903215384017,-0.34636892429003613,-0.6286590409516383,-0.11077021342588184,-0.4291758011022751,-0.6801410691721943,-0.6008545825894113,1.2932956255653658,0.929472396339602,1.1409490103238222,1.2459965906065322,0.6189181941542613,-0.17011339277695972,0.5958631293231748,0.3543731499227963,0.33659740169365976,-0.4344001487624873
1,-0.38515122997131557,0.7394385132500968,-0.42178860815477287,-0.4222311392731437,-0.4131277202683526,-0.8848427162711873,-0.5229480162199048,-0.563854169697199,-0.826644428121857,-0.3041783976487672,-0.6075164830150722,0.29574376562750815,-0.6969142384137033,-0.449914853582607,0.15254566273975287,-0.7515079336274874,-0.2840289939371318,-0.46612709161296345,-0.4926343747779117,-0.44061700571655044,-0.3681152239250622,1.25161964779523,-0.4529780077921193,-0.39866574261402765,0.4174503644091793,-0.6480699082628724,-0.26117996977729613,-0.32398394475425596,-0.11598294650015961,-0.18137250060689672
1,0.23345540901309186,-0.39982194960541695,0.20087124642385643,0.06595613641114542,1.4462125633253329,0.4953162236036038,0.8166186702895442,0.961807162993327,0.5303125368999143,-0.09030836804472414,3.21235860383527,0.42626168422128535,2.7464590675847504,1.3532987502782916,0.9855132075738672,0.5205365096251683,1.1222492532335304,2.6277331533389825,3.7667918894947916,-0.3431139518646681,0.47190072239263886,-0.6910258988614384,0.4207654061713619,0.15950778312016065,0.3824124809752522,-0.24066282524894947,0.30347146799695146,0.792513637177766,0.8295867095476407,-0.6907498229332493
1,1.0081325303100794,0.3372098192215172,1.0465857217438064,0.8775177541959706,1.0764775929740074,1.176969699190001,1.213006977188117,1.4555853916141122,0.5813808097770772,-0.16112625864208957,1.4645124274958374,0.3319987430146685,1.322518856730176,1.1776596341640821,0.6647824016261454,1.3436240905533576,0.6680661020271754,1.0718893423626241,-0.3341609749995178,0.4433350987778401,0.8691496428187433,-0.0922875729237047,0.7630014164091015,0.7401628102055058,0.4130706289799389,0.6072015253603686,0.4127588430500316,0.5612728244598654,-0.7075701159249371,-0.3635302604388207
0,-0.6745910335328272,0.20700862346660162,-0.6530740267094258,-0.668029738497189,0.8916101077983443,0.18478519583646716,-0.25551134840099426,-0.29737886260226604,0.6616309528697628,0.2453684333867883,0.3484439488965918,0.8631341617365672,0.5242418507144472,-0.04390052634487936,0.7966717050065171,-0.0797478523136398,0.3238674921778659,-0.04475272614019968,1.6243766909639887,0.4784815484221233,-0.6101887848097198,0.08668312232942249,-0.5461257218829131,-0.5913392346626132,0.15028650322548356,-0.4135407138289604,-0.3671120306840099,-0.5403158103363975,0.4319625464916433,-0.22566618080918874
1,1.4366169453864355,-0.778800430106333,1.4128562244371174,1.426799479398375,-0.6698091131468692,0.26809839840813793,0.3825985621031322,1.2306018876548506,-0.25759795891917875,-1.5633204924699238,2.144971625918059,-1.057291990461314,2.030284901097281,1.7357919443192478,0.7876792525033096,0.2832147851377327,0.38250382898568863,2.6163884588839466,1.3328340241961039,-0.16360251550945837,1.191914390664954,-1.2800021868762745,1.1707086633879735,1.0791416977659158,-0.8745715872168917,-0.3347287352116025,-0.21947820824388406,0.9598589621709839,-0.7398972836530671,-1.186839041198915
1,1.550122750704675,-0.26497071114496873,1.5939337763304395,1.5887708106789598,1.1120290324308657,1.1788631810666295,2.03212585188675,2.0534796976685072,0.7856539012857306,-0.28010031484566345,1.1944202496377325,-0.3060888589993526,0.9525614834341627,1.2471239153807157,-0.993825504520951,-0.15122357168867928,0.27815102619210585,0.19996853996128994,-0.4454552710270921,-0.1802309432981514,2.1643466437913563,0.11596923609811594,2.0129068451034544,2.3735843927504874,0.5006653375647574,0.8283835298671473,1.9595586645249867,1.6748798962329141,1.1997327800347288,0.45867117831621584
0,-0.9441673211636469,-2.227288732879772,-0.9547327665680745,-0.8447774017542483,-0.02988320292342132,-0.8895764209627595,-0.7964057722448695,-0.8231135110294069,-1.570782118617667,0.17030146935358062,-0.8379422529100375,-1.4691485335794554,-0.8606253220513775,-0.6343469166862635,0.2557923396284277,-0.8745801879263836,-0.6924956791577271,-1.0456789112016573,-0.9680545741130925,-0.6329776817266592,-0.9660576093581056,-2.222038846435915,-0.9999604311112199,-0.8194913460309928,0.4919058667062753,-0.8171343140065593,-0.8028235391193163,-1.0432645779978316,-1.3104717940545603,-0.3851234295374379
0,-0.685941614064651,-0.4881727610105382,-0.7115126911840886,-0.666608937345605,0.09810197912126807,-0.8128904049592899,-0.6360942987586746,-0.4259776810165518,-1.0783380587307334,-0.2616876632903487,-0.5772257714795838,-0.8181904145929921,-0.5559545440428961,-0.4940994122045796,-0.04528829233080437,-0.936674719133449,-0.40130166755277724,0.00872940486211244,-0.19020422252906857,-0.8026632289340048,-0.6743279334201848,-0.6975339241433701,-0.679746564140952,-0.6306818620271374,-0.00300423679794874,-0.9550552765869359,-0.5756208383510706,-0.07159676824175776,-0.5313870518066292,-0.7184333730596815
0,-0.5185205512202472,-0.7881005155173982,-0.5407236365574324,-0.5432833973881072,-1.106380789677089,-0.6023352202781584,-0.6317039219417601,-0.8344528857994039,-0.5275302584127575,-1.1412458645096266,-0.602107427383735,-0.6912979937379309,-0.5831572920793676,-0.48398752316671523,-0.34803419327211177,-0.1875198354338164,-0.35525392282798984,-0.8691878788940265,-0.035359984577661034,-0.7822556130115178,-0.6039817704280621,-0.9903950618303052,-0.6133825378078946,-0.5864214062420475,-0.9972041792356372,-0.5673511882273524,-0.6225952364002016,-1.0110125699082297,-0.6768593065832135,-1.156387136059839
1,0.02630731430730441,0.8905649011799104,0.0988093535385296,-0.1278411406649229,0.7920660773191412,2.593294142908403,1.3710605425970415,0.44483475870663874,2.087894859653398,1.7877820905974056,-0.4297388545984558,1.6190504402588592,-0.37295423907026926,-0.18942379902023176,0.30941400085125537,6.138081329257177,2.806139083709026,0.7882719809867258,3.7002572560000466,2.9950429267154726,-0.10948962468931685,1.8715090558992429,-0.025629389790907134,-0.20757298112919545,0.9167402033426438,4.312000100848911,2.763875398468269,0.9522523564894739,3.6614466025318215,3.3582462185587247
0,-0.38515122997131557,0.4929862498568634,-0.4094424114347737,-0.4191053767396588,-0.6307025297443255,-0.7257902386343614,-0.7235255170840877,-0.5226200796244822,-0.4290414464353706,0.010253036603534034,1.175308253073674,0.9628353495512579,1.1137995899776125,0.2926495196762147,-0.8226358531635999,-0.4231663477483998,-0.3357084772253823,0.9357530089021927,1.5953433963481,0.7861074625129456,-0.5212215786726235,-0.35423559052146314,-0.542256966984573,-0.5288125590297085,-1.6856985887123095,-1.0454348198078092,-1.056101824110753,-1.017402118680698,-1.1666158976643817,-0.8435630196311557
1,0.9684054984486953,0.007056787128695216,0.9519315468904782,0.8431343663276358,-0.4749872249232866,0.29271366280431355,0.18565880203010704,0.6690451234770369,-1.114815396500136,-1.117167781706522,-0.029108134170745883,-0.7045310604842444,0.10977088972238959,0.008637331917067923,-0.31672713640909417,0.011830413135629684,-0.15781179436775078,0.26803670669150564,-0.5567495670546664,-0.429657360128548,0.8588046188493141,0.026483888471552353,0.9594151266324996,0.6295116707427811,0.25102041809802456,0.5576262484881598,0.37680904862467623,1.2063129862519042,0.04403653375408384,-0.2921067011126256
1,0.2816953762733438,-0.6067488500016227,0.28029844532251863,0.1753578250831194,-0.5404018735239051,-0.1602072020853146,-0.16682573669932,-0.20949870813478802,-0.7938148241293954,-0.41607066479260535,-0.483468807203072,-1.5494533084920155,-0.44120840687087065,-0.30549069928093564,-0.5225543825936132,-0.3511322243157428,-0.3810936644721152,-0.5730913536175882,-0.6426397302933375,-0.3453814647449444,0.3105183484695335,-0.8846396509989123,0.3106546898340021,0.19129803112453075,0.732791315314526,0.5010595864160238,0.29005021141148535,0.16116536561244513,0.8312030679340479,0.7449190866235245
1,0.8180103064020281,0.2256087942887329,0.7297000059304918,0.7087265773877819,-0.6143488675941702,-0.5926784627073511,-0.24208933927499826,0.12836311739853637,0.7820061675087908,-1.4967516753084007,0.6513510642514758,-0.6552242912377063,0.6132690261065357,0.6182083819604998,-0.6670997302377579,-0.5834283122846211,-0.4119025872016491,-0.09175217459677723,0.2900548592420937,-0.458757108758761,0.7305263216283842,-0.10204961084660231,0.6766984225230626,0.5785770192440667,-0.9315081477970234,-0.6715863857535355,-0.3786159649001235,-0.0761607316506636,0.6049128938371382,-1.0661387626476704
1,3.967796403983185,-0.1905700278564453,3.972634344383631,5.240229770250039,1.2684553660410416,0.8948408995722977,2.901420461635835,2.8498130621978532,-0.5968372001746216,-1.0690116161003136,8.899079090914464,0.46976765708587775,9.453667542540947,10.667227848850311,2.134548805205892,0.12518643683198138,1.0599688502964084,0.36851828615039534,3.301049455031573,0.2573990425951807,2.4498693053476193,-1.1726197697243983,2.4176381267759117,2.8425344599972724,-0.7957363494905553,-0.6525189715719166,0.22965455677688842,0.6829785153640238,-2.024902200846231,-1.5888041890347102
1,0.017794378908436093,1.0509913745207884,0.03707836993853329,-0.1255678588223882,-0.12302797430038932,0.49720970548023247,0.2847558787547503,0.40463152088573956,1.544382526889302,0.21704127714784133,0.05599434109562634,1.1386719898789854,0.3303604465272315,-0.2052511036012368,1.2786005484191374,0.6489694428771926,0.16518497618381486,0.725065826165811,2.9574888020768886,0.36775133610196215,0.12223891222591084,1.4924165832267107,0.2303036265607936,-0.12168662049860451,1.0306133245029085,0.963762170556641,0.489931068416461,0.9522523564894739,2.947016195740151,1.0328280079384191
0,-0.6348640016714431,-0.21847028408964098,-0.6028661600480956,-0.6327938699379041,-0.19413085321410586,0.20940046023264278,-0.2814772912896033,-0.45097584812313657,0.5667898746693169,0.04849469752611223,-0.3925966725966068,0.627476808720025,-0.38531912454139267,-0.41496288929955416,0.6098285252176572,0.9181201986488255,0.9132123689073379,0.9811317867223369,0.8937054431307843,0.37039676779561787,-0.6246718183669216,0.23148668485240712,-0.6267743816867628,-0.6136450992844639,0.35613406839980716,0.31991915169064455,0.04031897280335052,-0.012265243925980569,0.8021086169787305,-0.01637854185336098
0,-1.114426029141007,-0.4207471417803141,-1.1078256058960652,-0.9482117255895692,-1.124867538194655,-0.8571978808724057,-0.38960600032332793,-0.9846996015018662,0.5558466733384952,0.04991105533805899,-0.17479203250809486,1.2782536528195525,-0.05888614810373414,-0.385726340559642,-0.7863329893543564,0.3195110488828698,0.8562324257946514,-0.17602704769132993,0.6118405412348629,0.30917392002815697,-0.990885666884737,-0.196415977434615,-0.9481786347795964,-0.8375819291495018,-1.6248202662458613,-0.7281530478256715,-0.38197127904649003,-1.2002649192641959,-0.05294496943030602,-0.32421961925928683
1,0.8293608869338518,-0.04874372533769777,0.8819697654771496,0.6822996759683182,1.2613450781496698,1.0008758846635148,1.2819986128824887,1.5483620942777252,1.165018214087517,0.06407463345753248,-0.3940390874316301,-0.9749931917924602,-0.3526758268976269,-0.18370838347709098,-0.5025711548087087,-0.30143426318778554,-0.044514465620432424,0.3312428615124202,-1.0612030610057364,-0.5513472180367113,0.6870772209567788,-0.12808171197432988,0.780857208247592,0.5416933060898252,1.6612952263136007,0.8843146114665628,1.1005982430551635,2.1251909525783,0.33659740169365976,0.36897647590657495
1,2.5773502888347464,1.7856981219949566,2.532244727050384,2.8845414609236384,-0.09032065000008058,1.2091588910926914,1.332174347932941,1.9272002968208122,0.35522131560678166,0.041412908466374514,2.3541217769964313,-0.45926613846010494,2.1667932366984837,2.538148357106311,-0.20415495322079735,0.1760012060751734,0.4331894760568575,0.8693055128084112,-0.5615884494906477,-0.28037942884368944,3.049880695574549,1.437098368330289,2.938432055398559,3.6241179054085806,0.6889939610221167,1.0063460622289233,1.485021378110296,2.201257009393398,0.3268992513752209,0.15636681093557583
0,-0.4844688096247754,-0.988052351855305,-0.5497775141520985,-0.5069108879075548,-1.2158792232042122,-1.3332192246569061,-0.9818051132562906,-0.9751642181725504,-0.9689060454225271,-0.74466567716438,-1.0452893854446308,-0.9831505617045714,-1.0431310316051594,-0.6887312938159948,-1.257604111281694,-1.147416410478292,-0.84147172809828,-1.3020690058854696,-0.4043247703212494,-0.9201959798949947,-0.6350168423363516,-0.8634885688326333,-0.6967095663875185,-0.5922174183091428,-1.2556085695608514,-1.1218315926288287,-1.005436580500619,-1.1270893726080706,0.000394857321108762,-0.8922860678536759
0,-0.10706200694162767,1.0416912891097232,-0.14111840272012266,-0.18438902649796912,-1.1326888548751637,-0.6867845119758064,-0.5247041669466707,-0.6566308723608122,-0.14087047805709063,-1.2049819660472554,0.1064788603214402,-0.2897741191751307,-0.01832932375844913,-0.008948562061826551,-0.8959076883749176,0.0665540107821442,0.06016961591217743,-0.2797499684230872,0.6578099243766867,-0.26753018918879035,-0.26052697464299224,0.10783420449570096,-0.2756104755297779,-0.30663209645772976,-1.6944580595707917,-0.6995519265532432,-0.6532723943098382,-0.8146100112116441,-0.38429843864363805,-1.1480820710219095
0,-0.7455321618567272,-0.1952200705619779,-0.7691282758774186,-0.7032656070564743,-0.20692937141857481,-0.8412926331087232,-0.7829837631188735,-0.7275019646732943,0.08164128233626407,-0.48972127101386526,-0.04497469735600177,-0.6778836521046817,-0.09004565949096506,-0.2934003971704457,-0.22014153544872098,-0.8280092895210843,-0.6441289832597491,-0.4247999903839039,0.28763541802410303,-0.8820261797436765,-0.6826039525957285,-0.5234442478516921,-0.7184341131243487,-0.6528120899196824,-0.6161671968916773,-0.9493350523324502,-0.91618522420727,-0.7479761454416175,-0.2598388428903372,-1.0561726846021549
1,1.5898497825660591,0.12330785476701298,1.5939337763304395,1.5660379922536145,0.6996323347313101,1.525370364489715,1.9179760546469709,1.2494149412505275,-0.28677982913470057,0.590959739501931,1.3015195511382092,-0.7919055559873007,0.6177203848761403,1.1534790299431024,0.47993754461577626,1.4011397084879593,1.1961244120366068,1.282576525099006,-0.7103840843970783,1.3091471002300197,1.864340948677892,-0.014191269540521953,1.5635360838347707,1.8484305721258103,1.6919533743182873,2.1688227468349526,2.764354729060607,2.070423391671428,-0.24529161741267944,2.5332764247910453
1,0.3980388267245398,3.3178871934679854,0.4827760715305066,0.2557751702627781,0.7067426226226821,1.1277391703976496,1.0825500660569412,0.9038217238285687,1.019108863009907,0.5243909223404079,-0.5887650901597699,0.11084338095299083,-0.4763246816088612,-0.38067039604070985,-0.5648522147383285,0.004571160386602145,-0.09950673629895544,-0.2554399088765817,-1.2817351280255926,-0.16473627194959653,0.4594866936293226,3.882488868016196,0.5665877061857028,0.2712127429587207,2.4496476035769654,1.9203107820011869,1.428939698806742,1.3204120714745529,0.9879898314154778,2.0183623924394056
1,1.7544332002775065,1.8066233141698538,1.6844725522771016,1.7990493811134032,0.25879448546626815,0.08443065637513651,0.7915308027643181,1.1445257246280538,0.00868660679745911,-1.0024427989387903,-0.026944511918211036,-0.3332800920397231,-0.13802141511892396,0.26385261828577505,-0.6654344612556826,-0.5415480079633089,-0.35525392282798984,-0.5852463833908411,-0.9341823970612222,-0.7191431711771599,1.6677854932587248,2.1936563073548707,1.6379352164951488,1.6921138830435487,0.8685631136209941,0.2557255239458611,0.5110216144793363,0.8381532712668255,0.4044844539227323,-0.2190221287788445
0,-0.9697061273602507,0.25583407187469526,-0.9246903545494094,-0.880865751004484,0.8418380925587432,0.4650205135775414,-0.05418121151105468,-0.5218469404356186,-0.5238825246358166,0.8246587784732365,-0.30785480103899054,0.49333339238753215,-0.3145919796465667,-0.4307901938805593,0.6198201391101098,1.2492538048160005,1.3746836523722925,0.9163049612649885,0.8150736035460849,1.4417966037261851,-0.947436566213132,-0.07601750971887473,-0.9151454198783885,-0.8258142682860057,0.04955258835294257,0.004671237221213036,-0.09005894831260479,-0.4351925198179307,-0.47804722505521435,0.16965491499626353
0,0.046170830237995966,-0.5741985510628935,-0.06868738196279402,-0.06333676838300564,-2.280289320542548,-1.4691712233988599,-1.0229492159976614,-1.0996396275795646,-1.1075199289462563,-1.280048930080462,-0.9915594328400146,-0.9010330379226533,-1.0001506897075343,-0.6499543975925324,-1.182000899495471,-1.2155417055076263,-0.896695893894122,-1.3270273336865488,-0.6269133623763977,-0.9122596848140276,-0.28121702258185177,-0.8179323918591104,-0.3815548404381565,-0.3442183565291949,-2.0452748674529895,-1.2959806421542808,-1.1193734622993783,-1.2364723623081828,-0.7156519078569696,-1.2593699425301672
0,-1.2443901762303913,-0.8415760066310245,-1.253922267082723,-1.0371538776787326,-0.4259262384728215,-1.0878239734458033,-0.9755331463749841,-0.8981080123491607,0.9826315252405045,0.04566198190221675,-0.4932051073394789,0.34831348283889085,-0.5519977806921367,-0.5264134923907983,2.2511176339511696,-0.8268924814058493,-0.7800526498826285,-0.37666607248182304,-0.30996656281961055,0.17614649771861215,-1.1419230168384125,-0.780511246488002,-1.1657216986785421,-0.9227657428628692,0.6276776650127434,-1.0205200652771604,-1.1108893108149944,-0.9586791228194416,-0.0965866458632811,-0.12157603233380329
0,-0.7937721291169791,-1.192654230898744,-0.8304477195867481,-0.7339549119306903,-0.18275439258791168,-1.2425214427663829,-1.0952399062716005,-1.1748145280433866,0.5193693355690928,-0.6497697037639109,-0.6046316533450257,0.11446887869170685,-0.64349793317845,-0.5110258351592656,0.46128653201653164,-0.9202576398394947,-1.0073098648553198,-1.3715957761884756,0.3674769782177977,-0.8192916567226979,-0.8419173217249479,-1.088015441059284,-0.8895521182432184,-0.7422111851363915,-0.28330730426936707,-1.1490344368612715,-1.2809318384469253,-1.5745099187944827,-0.23074439193502078,-1.1120934558575477
0,-0.07868555561206779,-0.955502052916576,-0.12259910764012423,-0.1917771924862064,-0.08534344847612038,-0.519968758644802,-0.5520499425491671,-0.304337115302037,1.0884158047717711,-0.6044462537815969,-0.5671288676344209,-0.5390270887118577,-0.5124301471845416,-0.4600267426204714,-0.9345419287590668,-0.5622089580951563,-0.5738978905859727,-0.22140582551147384,-0.6365911272483608,-0.832140896377597,-0.26673398902465,-0.6405887029264665,-0.2645994038960418,-0.36986131900785807,-0.6074077260331958,-0.520318233246026,-0.6067773268530453,-0.22327248553106493,0.08767821018705892,-0.8208625085274809
0,-0.8136356450476712,0.15585815370574208,-0.7510205206880866,-0.7410589176886107,-1.1490425170253191,0.26052447090162245,0.049431681368129254,0.17939030386352345,2.85756668658779,-0.06623028524161942,0.2936321851657079,1.2474369220404664,0.005411256346107663,-0.12435599129832195,2.8972419989964244,3.190824713152034,1.6264554940330005,3.7395132099325052,1.6497808237528917,1.0287313407025134,-0.9122634847170706,-0.5445953300179711,-0.8627684304854826,-0.7780410779147976,-1.2950261884240197,-0.44468415699227126,-0.563637573542619,-0.3265701906859694,0.08767821018705892,-0.7671564212822024
0,-0.10138671667571579,-1.3995811312949498,-0.16087231747212163,-0.20513272331109653,-0.31145060342173797,-0.7977425499462588,-0.9805507198800293,-0.7666743502423754,-0.8011102916832751,-0.5208811428767057,-0.6709827357560956,-0.9467143094304753,-0.6860331391991146,-0.4967372963014138,-0.8969068497641627,-0.967442782708173,-0.9150487360362315,-0.8050093216912517,0.12069397398274184,-0.7531558643813048,-0.33087313763511494,-1.423178743078776,-0.38958994676547726,-0.3854929879160842,-0.6731037574718091,-0.9347167014598755,-1.1257964922367085,-0.8608581737552243,-0.1256810968185984,-0.8861956868258609
1,1.5330968799069393,-0.0905941096874921,1.544548989450443,1.5972956175884643,1.3253376691720153,1.1334196160275367,1.6420095118694835,1.4762024366504707,-0.07156353629522655,0.38558785676957047,2.545241742637013,-0.10124823676189694,2.1618472825100343,2.0369503787078163,-0.3280509654872069,0.36585858566512225,0.8111785172869459,0.8968569136277842,-0.20593059044600862,0.3749317935561705,1.9988262602804794,0.09156414129087101,1.8998201634596794,2.059194647292905,0.750310257031489,0.9999902575017171,1.6292998864040555,1.2686871528402857,0.10869086921034375,0.8495629061014384
0,-1.0321343202852828,-0.1580197289177162,-1.033336885685403,-0.9109867354180664,0.7422940620795403,-0.7112104281843189,-0.8257585772493841,-0.8019810398671393,-1.2023610071467024,0.45357303174304237,-0.9255689541377006,0.627476808720025,-0.9056335051662668,-0.665122231149329,0.6108276866069022,-0.8999317321422177,-0.4576190531874092,-0.4209103808564631,-0.3184346070825782,-0.18060886211153085,-1.0777838682279475,-0.18502693319123414,-1.0862634249972583,-0.8872871235430749,0.3911719518337343,-0.9525129546960533,-0.9009425113709194,-0.7504102592597006,-1.111659712526561,-0.30594847617584175
0,-0.1780031352655276,-1.5297823270498654,-0.258407271560116,-0.2520191613133711,-1.6069450572296522,-1.291373275183408,-1.0792965664593193,-1.14682688940653,-1.6291458590487105,-1.3381196003703018,-0.6518707391920374,-0.961578850159211,-0.6711952766337665,-0.43848402249632557,-1.2332911841433933,-1.2135314509002035,-0.9893214293261402,-1.3863438789800224,-0.6946577164801385,-0.8423447043388406,-0.2688029938185359,-1.4215517367582926,-0.350604801251439,-0.3194535776970613,-1.845558931879603,-1.2451342043366305,-1.2385829806138564,-1.4073167259148949,-1.0243763596606101,-1.2195056303481044
0,-0.3056971662485473,-1.2670549141872676,-0.3810461589787755,-0.35318020330615746,-0.91298095903178,-1.2684621444761985,-1.0567049417528533,-1.033175428643604,-1.3081452866779688,-1.0789261207839447,-0.027665719335722583,-0.703987235823437,-0.14791332349582273,-0.16106654497926434,-0.9635176090471788,-1.159645459340115,-0.9627860023300577,-1.13043998548714,-0.7648215118018702,-0.5751561032796129,-0.31845910887179907,-1.3467094460160765,-0.39583947390894925,-0.36564603750451624,-1.347583013574911,-1.2444350658166379,-1.2172527692548125,-1.2061980716957736,-1.2829937014856496,-1.004681281366991
0,-0.7341815813249034,-1.9924615762503701,-0.7506089807974197,-0.6984348831410884,-0.7387789056931742,-0.8454582932373066,-0.9424171612416855,-1.031165266752559,0.07799354855932321,-0.254605874230612,-0.9879533957524564,-1.5528975313437954,-0.8700226350094313,-0.6792349110673918,-0.9715109001611406,-0.6744481736762729,-0.7242984381043428,-1.155398313288219,-0.026891940314693358,-0.6964680423743965,-0.8129512546105443,-2.0837433091948627,-0.7746798574155945,-0.7249987856644121,-1.0147231209526009,-0.5826051195726476,-0.9056878842350664,-1.0262257812712494,0.7907941082738854,-0.5318462452075285
0,-0.4646052936940833,-0.5672234870045942,-0.5259082004934333,-0.4924187161613971,-0.7999273815589703,-1.2497166738975727,-1.057783720056438,-1.0951811915904521,-2.1763059255897477,-0.8593906599321117,-0.8422694974151074,-0.9095529576086361,-0.8996983601401276,-0.6077482520431856,-0.7037356478434166,-1.2545183087293277,-0.9697759837235326,-1.3623579535608037,-0.799903409462736,-0.9262426809090649,-0.6060507752219481,-0.9708709859845095,-0.6779609849571029,-0.5908123244746953,-0.9621662958017101,-1.3012559600778622,-1.2117884005021584,-1.3199928926911615,-1.5901017949028837,-1.22947170839362
0,-0.004906782155211911,-1.4902569640528374,-0.0797989590107932,-0.109086565464013,-0.2325264078275127,-0.9709961416578013,-0.8924923048664856,-0.5563804908715191,-1.5999639888331887,-0.8211489990095345,-0.533953326428886,-0.24626814631053828,-0.6469601011103646,-0.36088626531445345,-0.11622875096721622,-0.7905962176607121,-0.8671789582467944,-0.8377468685472126,-0.7720798354558424,-0.4984385841635969,-0.15293872536092223,-1.2490890667870977,-0.26370661430411724,-0.22952757229243445,-0.18695312482606774,-0.9112002239692124,-1.0503019239434623,-0.8474705477557669,-1.2943082101904952,-0.7261847670950825
1,0.5399210833723401,-0.8787763482752862,0.5691994485705012,0.3930245615058001,-0.10311916820454951,0.6202860274611098,0.39639688924200644,0.553847384336384,-0.10804087406462902,-0.43023424291207785,-0.2454703594242345,-0.8506386193545005,-0.11724840752743669,-0.1553511294361235,-0.4003236393092793,0.38931155608505685,0.1741295021375505,0.45279315924494834,-0.7103840843970783,-0.25468094953389103,0.5153498230642443,-0.6015405512348748,0.5070684000574003,0.3326855982157899,0.48752613127703365,1.2300703886265842,1.0708797463302029,1.2702084739765875,0.19112514691707494,0.40385774906587985
1,1.3174358498022831,0.497636292562396,1.2729326616104595,1.2420953296924448,-0.3697549641309856,0.6789839656366049,0.2157642430603784,0.30876226146667285,0.515721601792153,-0.27868395703371573,0.8547315559897551,0.5676560960312107,0.7433476212627542,1.0532394342634035,0.16886529876409193,0.7533910016516642,0.24005397120397257,1.0313725764517814,0.13763006250867718,0.24568355938041975,1.7112345939303304,1.4143202798435273,1.6022236328181667,1.7430485345422633,0.7634494633192115,1.451887973606084,0.916535295597344,1.3721369901088203,1.2579216819453625,0.816896316952248
1,2.6624796428234268,1.157942356748041,2.5980911095570467,3.1033448382675863,0.7494043499709111,0.4536596223177683,1.7812471766344886,2.373043895732063,-0.053324867410525306,-1.0959224145273128,2.177425959706082,-0.5299633443650676,1.7785358329052081,2.7206020071373413,-0.24945026953324811,-0.32209521331963303,0.13006942984692652,0.19672719868842267,-0.6958674370891341,-0.25581470597402917,2.9795345325824263,0.8220899791877259,2.8312973043676144,3.557375948272334,0.8379049656163075,0.08602553772945332,1.0052114551798872,1.4345111566972013,-0.4974435256920929,-0.3635302604388207
1,1.575661556901279,0.5557618263815549,1.561010585077109,1.5319387646155966,0.11445564127142342,0.5596946074089855,1.2230421241982072,1.5818647924618077,0.9862792590174443,-0.7999036318303252,0.7840532290736156,1.9344687435271537,1.141002338014084,0.6006224879816052,-0.7610209008268104,0.457995255172009,0.38283510772471596,1.0151658700874444,2.0586663895933275,-0.1915685076995331,1.340882735824743,1.4615034631375332,1.4980648470936373,1.1581782259535762,-0.462876456868245,0.5817783064515435,0.9644683548311511,1.6870504653233298,1.8495088513701405,-0.26386947998366495
0,-0.685941614064651,-0.8927264763918844,-0.6971087950107563,-0.666608937345605,1.3253376691720153,-0.5970334710235975,-0.6113827492463269,-0.42314283732405256,0.7199946933008065,0.320435397419996,-0.2184250812675484,-0.8653218851963004,-0.25276755229094955,-0.34747702115554635,0.8309762460372699,-0.8101403596773243,-0.5096298152146869,-0.0949935158696448,-0.12245986842532801,-0.26261724461485825,-0.6639829094507549,-1.2230569656593702,-0.6874840739376316,-0.639639335221739,0.5970195170080567,-0.9073867411328888,-0.7836503154257933,-0.5471617554497563,-0.21942988323017473,-0.32588063226687286
0,-1.0974001583432709,-1.0647780564965943,-1.0604985184694011,-0.9470750846683019,0.17489308834808268,-0.24143757459269363,-0.6646944677374323,-0.7357487826878377,-0.6515532068287253,1.0271979455817015,-0.24222492604543214,2.3423372391327075,-0.2334783309559969,-0.4617853320183609,3.4367891491888534,1.1855957422476062,-0.19160222574852998,0.18862384550625388,1.9606790202647018,1.119809774726946,-1.1150259545178947,-1.008292131355618,-1.0823946700989187,-0.9194286450060567,0.15904597408396565,-0.5762493148454413,-0.9613860990647501,-1.1237424661082063,-0.7544445091307252,0.05172299145766196
0,-0.7001298397294312,-0.5160730172437347,-0.7518436004694197,-0.6646198157333874,-1.4754047312392775,-1.2883437041808017,-1.009702821944342,-0.9612477127730085,-0.5129393233049961,-0.7772419068391683,-0.18669195489703683,-0.9869573343302233,-0.3170649567407913,-0.3145034699451191,-0.1525316147764598,-1.032329334203326,-0.8594932915013622,-0.8913910666131682,0.19569665174045475,-0.42587817199475425,-0.6184648039852639,-0.965989967023061,-0.7038518831229147,-0.593798148872896,-1.4360536692455772,-1.2044570540825104,-1.1586785708711003,-1.0951416287457292,-0.27438606836799584,-0.8690318857474727
1,1.7232191038149907,1.7531478230562274,1.7173957435304321,1.6456028567423229,0.19124675049823706,1.1845436266965161,0.9445667946681973,1.9993599544480667,0.23119836719081382,-0.3679144991863969,2.058787339525419,1.223871186738812,2.1079363818559362,1.3906687749834423,0.46561623136992797,1.1872709544204585,0.8992986618681936,2.1982554346840506,2.00301924157954,0.18559446805309682,1.638819426144322,1.3232079258964815,1.5694880144476004,1.3882623413443211,-0.20009233111379027,0.5550839265972772,0.4702785141306001,1.5303543882842259,0.598447460291512,-0.42221938670685727
1,2.055223584370843,-0.9741022237387068,2.030166060437081,2.0775264068238823,0.265904773357639,0.8929474176956685,1.3095952671602376,1.9735886481526186,0.588676277330958,-0.13704817583898485,-0.2299643999477346,0.16703859590308914,-0.22704859051101278,-0.028073221763874303,-0.8709286536437865,0.07102124324308416,0.08203401268797574,0.26479536541863813,-0.45876219772604104,0.21620589193682743,1.3284687070614276,-0.6243186397216365,1.3343867552408053,1.1493963894882808,-0.5767495780285091,0.18898957431019506,0.6241436342711207,1.2473886569320578,-0.2760024267544022,0.15027642990776083
0,-0.1326008131382316,-0.9624771169748748,-0.15222997976812241,-0.21110008814774972,-0.9727073773193015,-0.5464775049176063,-0.5809009902031771,-0.6239013133655931,-0.07156353629522655,-0.542126510055915,-0.9554990619644331,-1.223883611555316,-0.872990207522501,-0.6372046244578339,-0.6091483696615342,0.24356809704689036,-0.24725705390510744,-0.5575329155078246,-0.2857721506397028,0.4055432174399011,-0.35777019995563264,-0.9822600302278903,-0.2768008616523442,-0.39269409381762665,-0.2132315374015128,0.3567828191084412,-0.07328237758077229,-0.14005621937534685,0.7859450331146656,0.6884446443656024
1,-0.8647132574408791,-0.10686925915685665,-0.7683051960960855,-0.8334109925415757,1.7946166700025437,2.1028823368615233,1.00477767672874,0.38014877990506407,1.402120909588632,2.365656077871907,-0.6987492213302932,-0.34415658525587123,-0.5673302386763296,-0.5791711743274819,0.12123860587673557,1.1174704472182717,0.4633358413083367,0.25831268287290354,-0.3825497993593328,0.24190437124662567,-0.6267408231608076,1.162134300168667,-0.46131071065008167,-0.6542171837541296,3.7679479677784826,4.345050285430384,2.7226529675271953,2.0962858509885622,2.025691915488448,3.1201676874714077
1,0.13413782935963203,0.930090264176938,0.08234775791186369,0.0278786655486922,-0.6783414586165158,-0.7191630520661603,-0.06145669309337022,0.09769526290695306,-0.6734396094903664,-1.22339461760257,0.03796415565783561,0.7434927363589381,0.023711286843370528,-0.16106654497926434,0.4233183992252127,-0.44996974251403943,0.06613263321466809,0.6424116237076919,-0.38013035814134216,-0.3491606528787383,-0.09914460071988725,0.9815365985950572,-0.15061993266034254,-0.21494972376004362,-0.051181326519598405,-0.6112062408450759,-0.022473334792936776,0.32394672719675666,-0.684941098515246,-0.8629415047196576
0,-0.07017262021319948,-0.727649960345473,-0.14811458086145565,-0.16563445129705923,-1.8558051334276602,-1.0609365307976732,-0.857369290331169,-1.0414737892707382,-0.7463942850291714,-1.1412458645096266,-0.5447714376915606,-1.0786824271197388,-0.572276192864779,-0.378472159293348,-1.1034002035415122,-0.6325678693549608,-0.3979888801625048,-0.7747027807899415,-0.4926343747779117,-0.6896655037335676,-0.1570767349486941,-0.9285688216519525,-0.22620945144328694,-0.23760686184050644,-2.081626671515689,-0.8323882453518544,-0.7817329930564412,-1.0533052974974246,-0.5798778033988241,-0.9808734282582592
1,1.5387721701728512,0.9114900933548075,1.5198565960104446,1.4751067185522335,0.32989736437998474,0.5199314879997792,1.2142613705643779,1.3705400808391335,0.6470400177620015,-0.5605391616112297,0.7411413877316737,2.935106119412778,1.2448673759715208,0.6542594646172335,1.3984999151285658,0.8650718131751635,1.417749888445835,3.664962360656556,0.8634624279059,0.9240478293964225,0.9415648106047524,0.7749067958937198,1.0338142592928778,0.7594828504291561,-0.3183451877032954,-0.08176770706879243,0.5306741687651971,1.0328823767134787,-0.524921618261003,-0.43882951678271626
0,-1.5304248056323562,-0.5695485083573609,-1.510311618968041,-1.1951469657348819,0.5360957132297625,-0.569199287437153,-1.1138927357766062,-1.260710291926115,0.632449082654241,1.1589192220928013,0.4028951089187198,1.5628552253087613,0.1488439278111395,-0.25251319366951586,2.923886302709631,-0.3248872336077204,-1.0565710133486712,-1.9117652993118301,-0.22891528201692057,1.1114955608325994,-1.2619252948837982,-0.46812603295527105,-1.2871410831802794,-0.9898589734577274,0.5970195170080567,-0.783448548952366,-1.3046826692972766,-1.7435286970376325,-0.736664566880254,0.2604569594109613
0,-0.6235134211396194,-1.9482861705478094,-0.651427867146759,-0.6029570457546384,-0.5432459886804546,-0.9831144256682262,-0.7869978219229098,-0.7978576308598676,-0.7682806876908135,-1.0463498911091564,-0.551622908157921,-0.3115271056074269,-0.6019519179954753,-0.4701386316583358,-0.2884175637138124,-0.7503911255122523,-0.6007314684471797,-0.9665901841436922,-1.1591904303343614,-0.7323703296454385,-0.5108765547031936,-0.9009097142037417,-0.583920481274385,-0.5112488860991172,0.22036227009333784,-0.6150197236813996,-0.5789761524974372,-0.6974682837163918,-0.7124191910841565,-0.6270776576424553
0,-0.5270334866191154,-0.31844620225859416,-0.5580083119654314,-0.5364635518605035,-0.6762083722491042,-0.739991352709078,-0.7111070226591008,-0.5769975359078776,0.5631421408923759,-0.9670338536401076,-0.2559278669781532,1.0226560622400722,-0.3892758878921522,-0.3197792381387875,-0.3840040032849402,-0.13279623778730187,-0.3744680896915702,-0.16954436514559537,0.6336155121967795,-0.5774236161598891,-0.4488064108866149,0.5210938098983757,-0.5434473531071393,-0.4748920831327934,-0.3665222774249451,-0.4751920196828614,-0.644644443647753,-0.2934053899145862,0.8958574033903068,-0.8297212445679396
0,0.2448059895449161,0.6557377445505082,0.22885595898918837,0.1102851323405687,-0.7970832664024218,-0.034858701852482965,-0.25350431899897624,-0.26181445991454755,0.48289199779969033,-0.519464785064758,-0.3121820455440602,0.2159828153757558,-0.2750243461389717,-0.25998719861054603,-0.8632684163262399,0.1452889829062112,0.04062417030956986,0.026556781862883332,-0.17931673704811027,0.08317846962728263,0.10154886428705165,0.9555044974673296,0.08745729185286759,-0.0236813255459055,-1.0804191523912146,0.5099577130341126,0.18795279524347633,0.24635934924535585,0.4238807545596108,0.47417396638701725
0,-0.40501474590200764,-1.6553334800992487,-0.4563579589707709,-0.4543412452989439,-0.6051054933353877,-0.8785942260783121,-0.817855898978938,-0.6416835147094523,-0.8339398956757377,-0.006743257139832962,-0.648625305813235,-1.0353577291420821,-0.6622925590945578,-0.5048707722666524,-0.3030719307560758,-0.7174452861128201,-0.7559355576814448,-0.577791298463246,-0.4127928145842171,0.2339680761656588,-0.5419116266114831,-1.4248057493992585,-0.5696358478035923,-0.5509427869222534,-0.04242185566111753,-0.5946811485543394,-0.854830908387997,-0.49239419454288513,-0.20326629936610977,0.5921058899256189
0,-0.9441673211636469,0.6255124669645458,-0.9539096867867407,-0.8382417164569617,-0.5937290327091925,-0.8882509836491193,-0.6605549695957701,-0.8988811515380242,0.7455288297393884,-0.4288178851001311,-0.35148784979844405,0.73261624314279,-0.3096460254581172,-0.44266067231631306,-0.165853766633063,-0.22325769512133622,-0.06571630491817627,-0.21816448423860657,-0.2543194148058232,-0.4175639581004076,-0.7260530532673339,1.035227807170995,-0.7014711108777826,-0.6868856154050292,-0.0905989453827672,-0.5381144864822036,-0.38101261786181384,-0.6048198265156013,0.1038417940511239,-0.4056092566309982
1,-0.0417961688836396,0.07680742771168604,-0.03494111092812907,-0.15739380461787164,0.6854117589485664,0.1696373408234362,0.2985542058936247,0.4048892339486943,-0.5202347908588768,0.37425699427399245,-0.6648524727072467,-0.4777561769275567,-0.6251979026811874,-0.47233686840569755,-0.5751768824271959,-0.4226079436907823,-0.3327269685741371,-0.36126970143570264,-1.0055559129919491,-0.35860862321322295,0.15948099851585812,0.8334790234311067,0.19756800819022735,-0.019817317501175557,1.2671190376819177,0.6516921584508126,0.6457135109263339,1.035925018986083,0.4497424887421146,1.193392598671726
0,-0.6064875503418832,1.302093680619555,-0.5909315032187628,-0.6069352889790738,0.4721031222074168,-0.23026603152058336,-0.43137729975282946,-0.15924466085866426,0.030573009459100194,0.8076624847298696,-0.5152019335735838,-0.023300035379502423,-0.49511930752496885,-0.46046638996994377,0.4259828295965331,-0.29194139420828813,-0.2833664364590774,0.7866513103502921,0.048110737443019566,-0.045691845735089,-0.6805349478018425,0.7618907453298557,-0.6779609849571029,-0.6440302534543868,-0.05556106194884006,-0.4580313469194044,-0.5334397462253205,0.08509930879734612,-0.4877453753736532,-0.07949703614162652
0,-0.42771590696565565,-0.4974728464216043,-0.4670579961281032,-0.46030861013559704,-0.7487333087410946,-0.9475169663876033,-0.7418396603775027,-0.6751862128935348,-0.04602939985664461,-0.6426879147041742,-0.8509239864252469,-0.9960210786770133,-0.8655712762398269,-0.5938993605348061,-1.0501115961150995,-0.9458883860841378,-0.6404849171304493,-0.7954473649362929,-0.539813478528731,-0.8151345497755246,-0.3991502958333517,-0.5738814437866646,-0.46547706207906286,-0.43396872520451596,-0.43221830886355894,-0.651883391099196,-0.4001858415553367,-0.24487524566655308,0.5968311019051057,-0.5894280294705074
0,-0.21205487686099936,2.65758112928234,-0.23165717866678404,-0.2775935820418845,-0.27803225033229134,-0.5695779838124786,-0.7602792430085439,-0.4195348544426898,-1.5926685212793081,-0.37357993043418586,-0.23212802220026943,1.2818791505582685,-0.28640004077240533,-0.25075460427162644,-0.399657531716449,-0.7269381550923175,-0.7936682060566483,-0.4324171423751424,-0.5930411853245273,-0.306077908153488,-0.2522509554674482,2.5922728558731993,-0.31459562104381616,-0.30733464337495336,-0.6643442866133276,-0.7128991164803763,-0.9690074554829256,-0.5625270989264062,-1.1391378050954717,-0.39841153359812553
0,-0.3198853919133275,1.3578941930859472,-0.3851615578854417,-0.3827328672591062,-0.900893469616448,-1.0151142693832544,-0.9626128945994926,-0.8066198750003201,-0.5275302584127575,-1.1766548098083094,-0.5159231409910954,0.027456932962522048,-0.5979951546447158,-0.420898128517431,-0.3287170730800369,-0.9215978095777766,-0.8683715617072925,-0.8849083840674336,-1.0152336778639122,-0.8619964826345687,-0.3991502958333517,1.0091957060432675,-0.48214246779498765,-0.4427505616698116,-0.462876456868245,-0.9213695115327424,-1.0908053589960294,-0.8427544522332308,-0.9613383825907569,-1.1646922010977692
0,-1.2407012375575486,2.071675748385218,-1.2465145490507235,-1.0343122753755645,-1.1746395534342569,-1.0997529092685652,-0.9205907164947388,-0.9919155672645916,-0.6953260121520085,-0.4642268303988128,-0.8188302563459794,0.8522576685204191,-0.8027576580465198,-0.6387433901809871,-0.15086634579438446,-0.7135364577094977,-0.5762168417591635,-0.9225079428326954,-0.5809439792345736,-0.5770456973465097,-1.1584750551895,1.829206891566686,-1.1675072778623914,-0.9320744895160824,-0.9358878832262644,-0.9112002239692124,-0.9600439734062035,-1.0032538321130895,-0.9370930067946595,-0.6553148787714167
1,3.771998889809222,1.6229466273013118,3.9067879618769688,5.245912974856376,0.8560586683414859,1.7885643453411293,3.445827186933242,3.092063341375065,0.9096768497016995,-0.9302085505294772,7.723511000370507,0.1616003492950153,7.806664797787303,11.032135148912374,0.20283678599842994,1.578153794752706,1.6118792295158013,2.29873701414294,-0.4321483443281431,0.28838838529229077,4.090590106899188,0.9262183836986362,4.283568373898196,5.924959059316028,0.1459067677962419,1.0889715236826047,1.970583268148762,2.249939285755062,-0.41985832314458066,-0.5357219422252291
0,-0.2801583600519434,0.3372098192215172,-0.2464726147307831,-0.33527810879619824,-0.683318660140476,0.08632413825176545,0.24712407746691106,-0.3561374409558876,-0.9105423049914825,-0.3679144991863969,-0.32444257164175794,-0.7766784654846935,-0.2740351553012819,-0.28438762650626226,0.08460268827107686,0.3524568882823021,0.4722803672620724,0.12055567877603844,-0.5966703471515135,-0.21348779887553776,-0.30397607531459725,-0.03534235170680043,-0.1893074816437391,-0.3363147037104289,0.11962835522079684,0.6396161294691206,0.8542223185933949,0.053151564935004496,-0.5459342772842878,-0.12212970333633248
0,-0.9214661600999988,-0.8532011133948565,-0.8872402244987452,-0.8410833187601299,0.30856650070586916,0.0484545007191878,-0.472270523818948,-0.8558430700246258,0.18013009431364996,0.7892498331745538,-0.926650765263968,-1.2305907823719404,-0.7740711237535135,-0.6757397146390864,-0.8549420714158629,0.3044341393271975,-0.14323552985055196,-0.8273745764740369,-1.018862839690898,0.3314711300175409,-0.8957114463659829,-1.0294432135218963,-0.7880717012944627,-0.7859447307335636,0.03641338206522005,0.8614337144486198,0.3082647739203322,-0.5316442798594762,-0.5168398263289705,1.331810349303887
0,-0.36812535917357947,-0.8276258785144263,-0.3736384409467757,-0.42052617789124286,-0.42379315210541085,-0.4099574616126641,-0.38195420072813396,-0.46746948415222334,-0.3889163748890273,-0.519464785064758,-0.9205205022151189,-1.3221346002745202,-0.8264982381510768,-0.6308297378904846,-0.7220536066462461,-0.41981592340269475,0.04261184274373349,-0.5568846472532513,-0.5482815227916986,-0.5691094022655426,-0.4508754156805008,-1.0294432135218963,-0.417861617176421,-0.4826200992222537,0.010134969489773785,0.04280606558445077,0.3614704696698581,-0.25522022939340655,0.17011248789379013,-0.32809531627698735
0,0.02063202404139203,0.2883843708134244,0.01814753496786743,-0.10368752108799358,-0.5012952901213614,0.12230029390771416,-0.4787933693755068,-0.4726237454113129,-1.114815396500136,-0.3834944351178171,-0.2068857625873624,-0.36047132508009316,-0.05789695726604416,-0.20503127992650058,-0.9771728147001969,0.4133229305626092,-0.12203369055280822,0.2761400598736742,-0.5373940373107403,-0.3971563421779207,0.03740971567658633,0.25751878598013467,0.14400063267475474,-0.09147710305798758,-0.747559259768905,0.5633464727426452,-0.10060422134404251,0.2935203044707171,-0.5928086704900756,-0.2970897401353838
0,-0.7483698069896831,-1.0926783127297908,-0.7399089436400873,-0.7103696128143947,0.5858677284693635,-0.4177207373068424,-0.4480607316571048,-0.7532732709687424,-0.11898407539544956,0.4167477286324129,-0.7275975180307583,-0.09218449241510707,-0.6425087423407602,-0.5714773457117155,-0.6940770877473794,-0.24224343308033108,0.32022342604856624,-0.6090702417464166,-0.2555291354148189,-0.06836697453785238,-0.8005372258472284,-0.6145566017987389,-0.750574538433632,-0.725350059123024,0.12400809065003729,-0.3385422180479262,-0.060340451587644464,-0.613034960651632,0.06504919277736777,0.43486332520748416
0,-0.12125023260640787,-0.38354680013605236,-0.17321851419212078,-0.2380953100278472,0.2232430460094099,-0.4690340961634851,-0.5433946282529641,-0.44633701298995576,-0.2904275629116414,-0.27160216797397996,-0.5844378456547,-0.4906266938999986,-0.6439925285972949,-0.43298843062792103,-1.2642651872099955,-0.9656000493180353,-0.49405971448040636,-0.4154001006925886,-0.930553235234236,-0.858217294500775,-0.27087199861242184,-0.34935457156001404,-0.3416769053321937,-0.3408812586723826,-0.5460914300238224,-0.7605676519344235,-0.46968877744435705,-0.36262550161632623,-0.6186704046725793,-0.7942863004061063
0,0.45479172938366,-1.8622603804954545,0.44573748137050856,0.262310855560065,0.5645368647952489,0.4839553323438302,0.3800897753506095,0.33994554208416494,-0.10074540651074833,-0.02940498213098896,-0.8732814163681074,-1.5041345867580649,-0.8522171999310136,-0.5818090584243162,-0.3353781490083385,-0.4064142260198748,0.04857486004622392,-0.18250973023706477,-1.063622502223727,-0.5815807231070623,0.15327398413420074,-1.8673514685706274,0.15590449390041541,-0.04616282689706236,0.9517780867765709,0.27733526001836256,0.6145570224243593,0.46542959287284075,-0.5556324276027266,-0.11825400631863195
0,1.056372497570332,-1.408881216706015,0.931354552357146,0.9582192596059461,-1.2784497566482822,-0.7984999426969103,-0.5563148800284555,-0.1839851149022945,-2.1580672567050465,-1.4684245190694547,0.2820928664855219,-0.3097143567380687,0.14686554613575975,0.23329712749744577,-0.8899127200394462,-0.9606860936110013,-0.6746066272502558,-0.7064725469960823,-0.9099879848813147,-0.9394698393773436,0.734664331216156,-1.1807548013268128,0.5903954286370238,0.5785770192440667,-1.4780991293662902,-0.9820038886302903,-0.8023442085269782,-0.47459473724815193,-1.8066938186813546,-1.3972340221597994
0,-0.47311822909295115,-1.5018820708166694,-0.5407236365574324,-0.5046376060650202,-1.609789172386202,-1.210142902676029,-1.0239150988973826,-0.9645979825914167,-0.7245078823675303,-0.37782900387002716,-0.2797277117560369,0.4878951457794579,-0.374932620745649,-0.3459382554323931,1.1154041881757482,-0.862630341093369,-0.8440225743887898,-0.6322458318474187,0.9856442094144325,0.38778103321106977,-0.6370858471302375,-1.5159181033463054,-0.7148629547566507,-0.6087272708638984,-1.663361938023181,-1.2043934960352383,-1.2244427281398835,-1.335814632508702,-1.0033637006373257,-0.7566366722341584
0,-1.3788945555325056,-1.4925819854056042,-1.2543338069733896,-1.1542278925692606,4.766717008595892,2.263828296374978,0.10663201932564476,0.09279871471081785,2.0660084569917574,4.563843402014127,0.00875525524861466,-0.22451515987824208,0.07317082872786408,-0.44617785111209196,0.9132405337517948,1.1135616188149493,0.09727283468322916,1.6342620532051206,0.5900655702729461,2.515086033723649,-1.2391662421510528,-1.5126640907053395,-1.1371524317369572,-1.019365943981121,2.5328625767325437,0.5709734384152929,-0.29856775597966567,-0.18417453232810424,0.2218359562587986,2.284124473653155
0,0.616537501962152,-0.8346009425727255,0.5239300605971708,0.4686111827700728,-0.1486250107093272,-0.7047725898037808,-0.4207149560546084,-0.08476558566481941,-0.3670299722273862,-0.8820523849232687,-0.7156975956418166,-1.3527700561666707,-0.8507334136744789,-0.4323289596037125,0.11757501411616979,-0.7509495295698698,-0.2383125279513718,0.4074143814248044,-0.8591797193035091,-0.4632921345193136,0.2174131327446653,-1.288137218478689,0.07555343062720692,0.08363271606000677,0.13276756150851937,-0.7510339448436141,-0.37142600601505243,0.3209040849241526,-0.9710365329091957,-0.6447951297233719
0,-0.6774286786657832,-1.0694280992021274,-0.644431689005426,-0.6504118042175466,-1.0928712426834821,-0.1463847843859239,-0.2701877509032516,-0.5806055187892403,-1.1403495329387179,0.6773575660307166,-0.767263925993898,-1.0426087246195141,-0.7523089253243362,-0.6000544234274192,-0.019643150006843017,0.7640006787463967,0.27417568132377884,0.5646194331588741,0.24892435853625103,1.1439965787832267,-0.7901922018777988,-1.3141693196064166,-0.7740846643543117,-0.7144605819060574,-1.0979380941081782,0.15911729209232564,-0.015283375907865706,-0.1370135771027428,-0.4796635834416207,0.8218793559750062
1,1.186904173686307,0.3000094775772555,1.1865092845704643,1.1284312375657186,0.7422940620795403,0.3873877566357574,0.8542504715773834,1.1749358660566827,0.1764823605367101,-0.479806766330234,0.5038641473703479,-0.5335888421037837,0.1740682941722314,0.5940277777395199,-0.28808450991739726,-0.37458519473567764,-0.0915560465623015,-0.21654381360217265,-0.5990897883695043,-0.40433679963212904,1.1567413091688923,0.08505611600893925,1.0397661899057076,1.0756289631797977,0.7371710507437664,-0.00422688939687584,0.49712102730153207,0.5536662187783555,0.28002485816943234,-0.2943213851227401
0,-0.8136356450476712,0.12563287611977886,-0.850613174229414,-0.7581085315076196,-0.7999273815589703,-1.1400840732407604,-1.0503326234014456,-1.1147416130686971,-0.636962271720964,0.08956907407258395,-0.9764140770722705,-0.24264264857182224,-0.9322427387001245,-0.6815650420195953,-0.9461988116335946,-1.0932512168893949,-0.9291612103187922,-1.2529626856015283,-0.6861896722171711,-0.5668418893852661,-0.8977804511598688,0.12247726138004769,-0.9190141747767284,-0.7810269023129981,-0.9446473540847465,-1.125200169134248,-1.1832682302580433,-1.312690551236912,-0.5556324276027266,-0.43273913575490125
0,-0.5837863892782352,-1.3600557682979217,-0.5818776256240966,-0.595853039996718,0.9698232746034327,-0.2698398027421269,-0.6396066002122063,-0.5396291417794778,-0.56400759618216,0.4649038942386204,-0.5548683415367232,-1.292224243930113,-0.5698032157705544,-0.47915140232251924,0.09526040975635938,-0.7788697324507446,-0.46093184057768166,-0.6174977290558719,-0.11157238294436969,-0.5898949370014089,-0.5832917224892026,-1.6119114762548008,-0.6053474314805739,-0.5808010309042585,0.8641833781917537,-0.5787916367363237,-0.5272084485249254,-0.6188159809695796,-0.19356814904767097,-0.189677565644827
0,-0.6916169043305633,1.1974677197450694,-0.6419624496614261,-0.7061072093596424,1.9368224278299768,0.9630062471309373,-0.5475341263946264,-0.09301240367936263,1.165018214087517,1.5937410703606252,-0.39476029484914166,1.3797675895036015,-0.3502028498034022,-0.42617389671109945,1.9447081412492966,0.528912570489431,-0.43873616506285606,0.950339044630096,-0.597880067760509,0.7668336030305969,-0.6805349478018425,1.0596329019782393,-0.6291551539318948,-0.6900470765325357,1.9459780292142606,0.45021314859837347,-0.6360164929856675,0.24635934924535585,-0.15800826454672837,0.8722634172051125
0,-0.38515122997131557,2.35765337477548,-0.4370155841094388,-0.4176845755880747,-0.9670191470062044,-1.1739773988324174,-0.8633903785372232,-0.8743984105573483,-0.994440181861108,-0.9103795411622146,-0.592371127247328,0.27217803032585414,-0.6870223300368045,-0.4743152814783232,0.5975055347502997,-0.7341974078413449,-0.6166328479204876,-0.40373127211026577,-0.19020422252906857,-0.7818776941981384,-0.4963935211459921,1.679522310082252,-0.5702310408648756,-0.5021157761752097,-0.39280069000039075,-0.9398013452416407,-0.8899179077471439,-0.7549742226686067,-0.7980861855637008,-1.0578336976097409
0,-0.35393713350879924,2.2390772857843966,-0.3896884966827747,-0.3994983208477986,-1.0758065517441908,-0.8729137804484254,-0.336796039182727,-0.6568885854237666,-0.8959513698837221,-0.8098181365139565,-0.6980280139127816,0.2594887882403482,-0.6746574445656811,-0.5167412507024063,0.45662377886672045,-0.22046567483324866,0.2347535113795366,-0.6768142743493455,-0.43456778554613373,-0.37561496981529546,-0.4922555115582199,1.637220145749695,-0.5482088975974034,-0.5003594088821506,-0.42345883800507683,-0.5864186024089713,-0.13559535458472155,-0.7557348832367575,-0.8546587290879283,-0.6381510776930285
0,-0.021932652952947534,1.827548506344751,-0.02424107377079675,-0.15483636254502037,0.2083114414375293,0.1563829676870342,-0.5541824112888113,-0.1515132689700298,-1.0017356494149887,-0.15404446958235282,-0.14666494322514143,0.498771638995606,0.010851805953402033,-0.2307506498706339,0.07161359021088877,0.07269645541593678,-0.3704927448232433,0.7234451555293773,0.031174648917084213,0.5703158200733145,-0.2005258356202991,1.2190795213855712,-0.21013923878864507,-0.3054026393525883,-0.362142541995704,-0.17710477797688676,-0.6690903038569945,-0.14918414619315856,-1.0518544522295206,-0.04074006596462109
1,1.9275295533878232,1.348594107674882,2.10012784185041,1.9667039170003244,0.9627129867120607,2.2581478507450914,2.86755184047678,2.5379802560229314,1.230677422072441,0.8487368612763413,2.008663424008361,-0.345969334125229,2.914126914573184,1.7248007605824387,-0.21381351331683449,0.98401187744769,1.5423106943200797,2.3408744506902166,0.0033510749101909603,0.913844021435179,1.6595094740831813,0.6073251448839735,2.1378973879728895,1.6482047007170708,0.36489353925828805,1.0444808905921612,1.8584199095416536,2.1236696314419974,0.04565289214049016,0.818557329959834
1,0.7016668559508321,2.043775492152022,0.6720844212371617,0.5774445509814133,-0.8397449937506518,-0.03864566560574057,0.04654657660272815,0.1056843678585419,-0.8084057592371557,-0.8947996052307944,0.18472986512145192,-0.25714463952668637,0.27644954587313336,0.180539445560762,-0.37900819633871397,0.66069592808716,0.5103774222502059,0.6116188816154516,-0.8906324551373888,0.036694455581617706,0.5608679285297352,1.373645121831453,0.5784915674113634,0.42752943204098237,-0.8088755557782777,0.35042701438123486,0.32647933642917876,0.41370467423857366,-1.1035779205945286,-0.31812923823147177
